Fichier;Type;Cat;Average
Mojo - 15 Amazing Brazilian Songs - 2014;SONG;THEME;1,07
Le Choix - Blues - Les Racines - 2010;SONG;GENRE;1,26
NME - 50 Must Have EP's - 2014;ALBUM;THEME;1,26
Kids are all right;SONG;THEME;1,29
Inrock - 100 Best French Songs - 2006;SONG;THEME;1,3
Uncut - 30 Best Songs Paul Weller - 2015;SONG;THEME;1,3
Spin - The 100 Greatest EDM Anthems of the '10s - 2015;SONG;GENRE;1,35
Spin - The 101 Best Kanye West-Produced Songs That Don't Feature Kanye - 2015;SONG;THEME;1,36
Inrock - Pop En France - 2010;SONG;GENRE;1,43
Le Choix - Psychédélisme Moderne - 2010;SONG;GENRE;1,48
Fluxblog - 2016;SONG;YEAR;1,5
Le Choix - Blues - 50s et 60s - 2013;SONG;GENRE;1,5
Rolling Stone - Merle Haggard - 30 Essential Songs - 2016;SONG;THEME;1,5
Q - 75 Blues Greats The Best Blues Albums - 2005;ALBUM;GENRE;1,51
Fluxblog - 2015;SONG;YEAR;1,54
The Guardian - A MODERN HISTORY OF MUSIC JAZZ - 2011;SONG;ALL_TIME;1,56
Fluxblog - 2017;SONG;YEAR;1,6
Fluxblog - 2009;SONG;YEAR;1,61
SaidTheGramaphone - Song - 2015;SONG;YEAR;1,61
NME - 501 Lost Songs - 2011;SONG;THEME;1,63
Fluxblog - 1998 Songs - 2017;SONG;YEAR;1,65
NME - Tracks Of The Week - 2015;SONG;YEAR;1,65
Rolling Stone - Eagles Greatest Songs - 2016;SONG;THEME;1,65
Rolling Stone - Top 40 Paul McCartney Songs - 2013;SONG;THEME;1,65
Uncut - 20 Greatest Gram Parsons Songs - 2015;SONG;THEME;1,65
Fluxblog - 2005;SONG;YEAR;1,67
SaidTheGramaphone - Song - 2008;SONG;YEAR;1,68
Fluxblog - 1997 Songs - 2017;SONG;YEAR;1,69
Rolling Stone - The 30 Best Songs of Sting and The Police - 2013;SONG;THEME;1,69
Spin - The 30 Best Nu-Metal Songs - 2017;SONG;GENRE;1,7
Inrock - Folk - 2010;SONG;GENRE;1,73
NME - Tracks Of The Week - 2014;SONG;YEAR;1,73
Fluxblog - 1999 Songs - 2017;SONG;YEAR;1,74
Fluxblog - 2010;SONG;YEAR;1,74
Rolling Stone - 100 French Rock Essential albums - 2010;ALBUM;ALL_TIME;1,74
Le Choix - Chillwave - 2010;SONG;GENRE;1,75
Le Choix - Swing (1935 - 1945) - 2009;SONG;GENRE;1,75
Fluxblog - 2013;SONG;YEAR;1,77
Q - 500 Greatest Lost Tracks - 2007;SONG;THEME;1,8
GorillaVsBear - Song - 2016;SONG;YEAR;1,82
Rolling Stone - The 50 Best Songs by The Cure - 2015;SONG;THEME;1,82
Fluxblog - 2008;SONG;YEAR;1,85
Paste - The 20 Best of Montreal Songs - 2017;SONG;THEME;1,85
NME - Songs - 1974;SONG;YEAR;1,86
Spin - The 21 Best Pop-Punk Choruses of the 21st Century - 2017;SONG;GENRE;1,86
GorillaVsBear - Song - 2017;SONG;YEAR;1,9
SaidTheGramaphone - Song - 2014;SONG;YEAR;1,9
Inrock - Song - 2012;SONG;YEAR;1,91
Fluxblog - 1995 Songs - 2017;SONG;YEAR;1,93
Fluxblog - 2006;SONG;YEAR;1,93
Paste - The 30 Best Wilco Songs - 2017;SONG;THEME;1,93
Fluxblog - 2014;SONG;YEAR;1,94
NME - Tracks Of The Week - 2009;SONG;YEAR;1,94
Rolling Stone - Fifty Essential Recordings From The Fifties - 1990;ALBUM;DECADE;1,94
GorillaVsBear - Song - 2014;SONG;YEAR;1,95
GorillaVsBear - Song - 2015;SONG;YEAR;1,95
Fluxblog - 2011;SONG;YEAR;1,96
GorillaVsBear - Song - 2013;SONG;YEAR;1,97
Uncut - The 30 Greatest Songs of Joni Mitchell - 2015;SONG;THEME;1,97
Mojo - Kate Bush Her 50 Greatest Songs - 2014;SONG;THEME;1,98
Rolling Stone - Album - 1986;ALBUM;YEAR;10
Spin - Album - 1993;ALBUM;YEAR;10,05
Uncut - Album - 1966;ALBUM;YEAR;10,05
Rolling Stone - Album - 2009;ALBUM;YEAR;10,08
Q - 50 Heaviest Albums Of All Time - 2001;ALBUM;GENRE;10,12
Rolling Stone - Album - 1988;ALBUM;YEAR;10,15
Paste - Album - 1988;ALBUM;YEAR;10,2
Paste - Album - 1998;ALBUM;YEAR;10,27
Inrock - Album - 1995;ALBUM;YEAR;10,32
NME - Writers All Time Top 150 Singles - 1987;SONG;ALL_TIME;10,32
Q - 50 Ultimate British Songs - 2011;SONG;THEME;10,32
Uncut - The 100 Greatest Singles Of The Post 1976 - 2001;SONG;LONG_PERIOD;10,33
1001 Albums You Must Hear - 2008;ALBUM;ALL_TIME;10,34
NME - Album - 1975;ALBUM;YEAR;10,4
Spin - Album - 1998;ALBUM;YEAR;10,45
Rolling Stone - Album - 1996;ALBUM;YEAR;10,5
Inrock - Best 100 Albums From The Last Decade (1986 - 1996) - 1995;ALBUM;DECADE;10,55
NME - The 80's - 2012;SONG;DECADE;10,58
Rolling Stone - Song - 1990;SONG;YEAR;10,6
NME - 40 Records That Captured The Moment - 1992;ALBUM;ALL_TIME;10,62
NME - Writers Top 100 Singles Of All-Time - 1976;SONG;ALL_TIME;10,65
Pitchfork - Top 100 Albums (2000-2004) - 2004;ALBUM;MISCELLANEOUS;10,65
Mojo - Special Punk Issue - 77 Punk Smashers! - 2005;ALBUM;GENRE;10,66
Le Choix - Les Meilleurs Riffs de Guitare Electrique de l'Histoire - 2009;SONG;THEME;10,74
Uncut - Album - 1997;ALBUM;YEAR;10,76
Pitchfork - Top 100 Singles (2000-2004) - 2004;SONG;MISCELLANEOUS;10,81
NME - Albums Of The Decade So Far 2010's - 2015;ALBUM;DECADE;10,9
Q - 100 Greatest Albums Of The 00's - 2009;ALBUM;DECADE;10,9
Spin - Album - 1991;ALBUM;YEAR;10,95
NME - Greatest No1 Singles In History - 2012;SONG;ALL_TIME;11,03
NME - Album - 1977;ALBUM;YEAR;11,07
Pitchfork - Top 200 Albums of the 2000s - 2009;ALBUM;DECADE;11,07
NME - Readers Top 150 Tracks - 2011;SONG;ALL_TIME;11,1
NME - 50 Albums To Hear Before You Die - 2016;ALBUM;ALL_TIME;11,2
Pitchfork - Albums 80's - 2002;ALBUM;DECADE;11,2
Rolling Stone - Song - 1997;SONG;YEAR;11,2
Le Choix - Indispensables 80s - 2010;SONG;DECADE;11,24
NME - The 00's - 2012;SONG;DECADE;11,27
Spin - Album - 2001;ALBUM;YEAR;11,3
Rolling Stone - Essential Recordings Of The 90s - 1999;ALBUM;DECADE;11,31
Mojo - 80 From The 80s - Albums - 2007;ALBUM;DECADE;11,32
Rolling Stone - Women Who Rock 50 Greatest Albums - 2017;ALBUM;THEME;11,32
Q - The 25 Best Dance Albums Ever - 1997;ALBUM;GENRE;11,38
NME - The 60's - 2012;SONG;DECADE;11,39
NME - 500 Greatest Songs Of All Time - 2014;SONG;ALL_TIME;11,43
NME - Readers All Time Top 100 Singles - 1976;SONG;ALL_TIME;11,43
Q - 50 Indie Rock Records You Must Own - Song - 2015;SONG;ALL_TIME;11,45
Pitchfork - Album - 1999;ALBUM;YEAR;11,5
Q - The Music That Changed The World - Song (1954-1969) - 2004;SONG;LONG_PERIOD;11,5
Mojo - Album - 1994;ALBUM;YEAR;11,52
Le Choix - Indispensables 70s - 2010;SONG;DECADE;11,53
NME - The 70's - 2012;SONG;DECADE;11,57
Rolling Stone - 100 Greatest Songs of the Century So Far - 2018;SONG;LONG_PERIOD;11,58
Rolling Stone - Song - 1980;SONG;YEAR;11,6
Rolling Stone - Song - 1995;SONG;YEAR;11,6
NME - The 90's - 2012;SONG;DECADE;11,66
Spin - The 20 Greatest Grunge Albums of All Time - 2004;ALBUM;GENRE;11,7
Rolling Stone - The 50 coolest records - 2002;ALBUM;THEME;11,8
Rolling Stone - 100 Greatest Pop Songs - 2000;SONG;ALL_TIME;11,9
NME - 101 Albums To Hear Before You Die - 2014;ALBUM;ALL_TIME;11,92
The Guardian - The 75 Best Singles of the 2000s - 2010;SONG;DECADE;11,95
Rolling Stone - The 50 best songs of the XXI century - 2013;SONG;LONG_PERIOD;11,96
Rolling Stone - The Best Songs of the Decade - 00's - 2010;SONG;DECADE;11,96
Rolling Stone - Album - 1979;ALBUM;YEAR;12
Rolling Stone - Song - 1984;SONG;YEAR;12
The Guardian - Alternative Top 100 Albums Ever - 1999;ALBUM;ALL_TIME;12,09
Spin - Song - 2003;SONG;YEAR;12,1
Q - 100 Greatest Guitar Tracks Ever! - 2005;SONG;THEME;12,12
Rolling Stone - Album - 1987;ALBUM;YEAR;12,3
Rolling Stone - Song - 1986;SONG;YEAR;12,4
Q - The Story Of Grunge - Albums - 2005;ALBUM;GENRE;12,47
NME - The 50 Albums That Built Punk - 2013;ALBUM;GENRE;12,52
Q - The Music That Changed The World - Song - 70s - 2004;SONG;DECADE;12,8
Spin - The 25 Greatest Albums Of All Time - 1989;ALBUM;ALL_TIME;12,89
Mojo - The 20 Greatest Guitar Albums Ever - 2003;ALBUM;THEME;13
Q - 100 Songs That Changed The World - 2003;SONG;ALL_TIME;13,04
Q - In Our Lifetime 100 Best Albums (1986-1994) - 1995;ALBUM;MISCELLANEOUS;13,11
NME - The 50 Most Explosive Choruses - 2018;SONG;THEME;13,18
La discothèque idéale 2 - Philippe Manoeuvre - 2011;ALBUM;ALL_TIME;13,27
Rolling Stone - Songs Of The Decade (2000-2009) - 2009;SONG;DECADE;13,29
MusicForAnts - 10's Decade Album So Far - 2014;ALBUM;DECADE;13,3
The Guardian - Album - 2007;ALBUM;YEAR;13,3
NME - The 50 Darkest Albums Ever Made - 2011;ALBUM;THEME;13,46
Rolling Stone - Best songs of 90's - 2014;SONG;DECADE;13,48
Inrock - Top 100 des albums de la décennie - 2010;ALBUM;DECADE;13,56
Paste - The 50 Best Post-Punk Albums - 2016;ALBUM;GENRE;13,56
Mojo - The 100 Greatest Singles Of All Time - 1997;SONG;ALL_TIME;13,57
Rolling Stone - Song - 2002;SONG;YEAR;13,6
Uncut - The 150 Greatest Albums Of The 21st Century So Far - 2009;ALBUM;ALL_TIME;13,61
Rolling Stone - The 100 Best Singles Of The Last 25 Years - 1988;SONG;LONG_PERIOD;13,68
Spin - Album - 1997;ALBUM;YEAR;13,7
Spin - Album - 2002;ALBUM;YEAR;13,7
Spin - Album - 2000;ALBUM;YEAR;13,74
The Guardian - Writers Favourite Albums Ever - 2013;ALBUM;ALL_TIME;13,75
Q - The Greatest Albums Of The Last 30 Years - 2016;ALBUM;LONG_PERIOD;13,83
Mojo - Top 50 Punk Albums - 2003;ALBUM;GENRE;13,9
Rolling Stone - 500 Albums - 2010;ALBUM;ALL_TIME;14,03
Mojo - Song - 2003;SONG;YEAR;14,2
MusicForAnts - Album 2000s - 2009;ALBUM;DECADE;14,2
Rolling Stone - Album - 1994;ALBUM;YEAR;14,2
Rolling Stone - Album - 1998;ALBUM;YEAR;14,2
Q - The 50 Most Exciting Tunes Ever.. - 2002;SONG;ALL_TIME;14,28
Rolling Stone - Album - 1983;ALBUM;YEAR;14,4
PopMatters - The 100 Best Albums of the 2000s - 2014;ALBUM;DECADE;14,42
Rolling Stone - Album - 2003;ALBUM;YEAR;14,6
Rolling Stone - Song - 2004;SONG;YEAR;14,6
Spin - Top 100 Alternative Albums - 1995;ALBUM;GENRE;14,67
NME - Greatest Albums of The 80's - 1993;ALBUM;DECADE;14,7
Le Choix - Indispensables 90s - 2010;SONG;DECADE;14,82
PopMatters - 100 Best Songs From 1977-2003 - 2003;SONG;LONG_PERIOD;14,84
NME - Album - Top 100 - 2000's - 2009;ALBUM;DECADE;14,88
Paste - 80 Best Albums of the 80s - 2013;ALBUM;DECADE;14,88
The Times Magazine 100 Best Albums Of All Time - 1993;ALBUM;ALL_TIME;14,89
NME - Ten Great Live Albums - 2003;ALBUM;THEME;15
Spin - The 50 Most Essential Punk Records - 2001;ALBUM;GENRE;15,11
Pitchfork - The People's List - Top Albums (1996-2011) - 2011;ALBUM;LONG_PERIOD;15,13
Rolling Stone - Album - 1993;ALBUM;YEAR;15,14
Q - 50 Years of Great British Music - Song - 2008;SONG;THEME;15,25
Q - Best Tracks Of The 80's - 2006;SONG;DECADE;15,28
Rolling Stone - 200 The Essential Rock Collection - 1997;ALBUM;ALL_TIME;15,34
Rolling Stone - Album - 2001;ALBUM;YEAR;15,4
Pitchfork - Albums 90's - 2003;ALBUM;DECADE;15,45
Spin - The 300 Best Albums of the Past 30 Years - 2015;ALBUM;LONG_PERIOD;15,5
Rolling Stone - Song - 1982;SONG;YEAR;15,6
Rolling Stone - Song - 1983;SONG;YEAR;15,6
Paste - 90 Best Albums of the 90s - 2012;ALBUM;DECADE;15,63
NME - The Greatest Tracks Of The Decade 1996-2006 - 2006;SONG;DECADE;15,72
Rolling Stone - Song - 1996;SONG;YEAR;15,8
Spin - 100 Greatest Albums (1985-2005) - 2005;ALBUM;ALL_TIME;15,83
Pitchfork - Albums 70's - 2004;ALBUM;DECADE;15,84
NME - Writers All Time Top 100 - 1974;ALBUM;ALL_TIME;15,86
NME - Single Of The Year 1975-2009 - 2009;SONG;LONG_PERIOD;15,88
Uncut - 100 Greatest Debut Albums - 2006;ALBUM;ALL_TIME;15,91
Rolling Stone - 50 Essential Albums of the 70's - 1990;ALBUM;DECADE;15,98
The Times Best Album Of The Decade - 2000 - 2009;ALBUM;DECADE;16
Mojo - 70 from the 1970s Decade's Greatest Albums - 2006;ALBUM;DECADE;16,07
NME - The 50 Druggiest Albums Ever - 2010;ALBUM;THEME;16,18
Rolling Stone - Album - 1992;ALBUM;YEAR;16,2
Rolling Stone - Album - 1980;ALBUM;YEAR;16,4
NME - Greatest Indie Anthem - 2007;SONG;ALL_TIME;16,45
Mojo - 100 Records That Changed the World - Songs - 2007;SONG;ALL_TIME;16,57
Rolling Stone - 40 Most Groundbreaking Albums of All Time - 2014;ALBUM;ALL_TIME;16,62
Mojo - Readers All Time To 100 Singles - 1997;SONG;ALL_TIME;16,64
NME - 75 Tunes That Defined Rock Roll - 2005;SONG;GENRE;16,68
NME - Writers All Time 100 Albums - 1985;ALBUM;ALL_TIME;16,71
Q - Debut Albums That Changed Music - 2017;ALBUM;THEME;16,71
Rolling Stone - Album - 1995;ALBUM;YEAR;16,8
Rolling Stone - Song - 1991;SONG;YEAR;16,8
NME - The 500 Greatest Albums Of All Time October - 2013;ALBUM;ALL_TIME;17,07
Spin - Top 90 Albums Of The 90's - 1999;ALBUM;DECADE;17,17
Q - 250 best albums of Q's lifetime - 2011;ALBUM;LONG_PERIOD;17,19
Classic Rock Magazine - 30 Best Albums of the 90s - 2000;ALBUM;DECADE;17,3
Q - Readers Top 100 Singles Of All Time - 1999;SONG;ALL_TIME;17,32
Paste - Album - 1968;ALBUM;YEAR;17,8
GorillaVsBear - Albums Of The Decade 00's - 2009;ALBUM;DECADE;17,85
Rolling Stone - 40 Greatest Punk Albums of All Time - 2016;ALBUM;GENRE;17,85
Rolling Stone - The 100 Greatest Albums of the 90s - 2010;ALBUM;DECADE;17,85
Rolling Stone - 40 Songs That Changed The World - 2007;SONG;ALL_TIME;17,9
Rolling Stone - Albums Of The Decade (2000-2009) - 2009;ALBUM;DECADE;17,97
Q - 50 Greatest British Tracks - 2004;SONG;ALL_TIME;18,1
Q - 100 Greatest Songs Of All Time - 2006;SONG;ALL_TIME;18,11
Classic Rock Magazine - 10 Songs That Changed The Face Of Rock - 2000;SONG;ALL_TIME;18,3
NME - Readers All-Time Top 100 Albums - 1988;ALBUM;ALL_TIME;18,3
NME - 100 Greatest Singles Of All Time - 2002;SONG;ALL_TIME;18,33
Q - 50 Indie Rock Records You Must Own - Album - 2015;ALBUM;ALL_TIME;18,47
Rolling Stone - Album - 2004;ALBUM;YEAR;18,7
Uncut - 100 Rock & Movie Icons - Songs - 2005;SONG;GENRE;18,74
Q - Ultimate Music Collection - Album - 2016;ALBUM;ALL_TIME;18,82
NME - Greatest Double Albums - 1991;ALBUM;THEME;18,85
Rolling Stone - Album - 2000;ALBUM;YEAR;18,9
Q - 100 Best Albums Of The 90s - 2015;ALBUM;DECADE;18,99
Mojo - The 100 Greatest Albums of Our Lifetime 1993-2006 - 2006;ALBUM;LONG_PERIOD;19
Paste - The 50 Best Albums of the Decade (2000-2009) - 2009;ALBUM;DECADE;19
Rolling Stone - Album - 2002;ALBUM;YEAR;19
Rolling Stone - The 100 Greatest Debut Albums of All Time - 2013;ALBUM;THEME;19,01
The World Critic Lists Greatest Rock Albums - 1987;ALBUM;ALL_TIME;19,04
Q - 90 Of The 90s - 1999;ALBUM;DECADE;19,17
Rolling Stone - Album - 1997;ALBUM;YEAR;19,2
Paste - 60 Best Albums of the 1960s - 2012;ALBUM;DECADE;19,41
Rolling Stone - Top 100 Albums Of The Last 20 Years - 1987;ALBUM;DECADE;19,48
Q - The 100 Greatest British Albums Ever - 2000;ALBUM;ALL_TIME;19,53
NME - 100 Greatest Songs Of NMEs Lifetime....So Far - 2012;SONG;ALL_TIME;19,61
La discothèque idéale - Philippe Manoeuvre - 2005;ALBUM;ALL_TIME;19,74
Spin - Readers 25th Anniversary Songs - 2010;SONG;LONG_PERIOD;19,96
Le Choix - Songs - 2010;SONG;YEAR;2
NME - B-Side Albums - 2014;ALBUM;THEME;2
NME - Tracks Of The Week - 2012;SONG;YEAR;2
NME - Tracks Of The Week - 2013;SONG;YEAR;2
Fluxblog - 2012;SONG;YEAR;2,02
MusicForAnts - Song - 2008;SONG;YEAR;2,02
Fluxblog - 1993 Songs - 2017;SONG;YEAR;2,03
Fluxblog - 1996 Songs - 2017;SONG;YEAR;2,03
NME - Tracks Of The Week - 2011;SONG;YEAR;2,04
Inrock - Song - 2014;SONG;YEAR;2,07
Rolling Stone - Fleetwood Mac - The 50 Greatest Songs - 2017;SONG;THEME;2,08
Inrock - Song - 2011;SONG;YEAR;2,09
Fluxblog - 2007;SONG;YEAR;2,1
NME - Tracks Of The Week - 1998;SONG;YEAR;2,1
Fluxblog - 1989 Songs - 2015;SONG;YEAR;2,12
Mojo Special Edition - The UK Indie Top 100 Records - Misc;SONG;ALL_TIME;2,12
MusicForAnts - Song - 2017;SONG;YEAR;2,12
Fluxblog - 1994 Songs - 2017;SONG;YEAR;2,13
SaidTheGramaphone - Song - 2016;SONG;YEAR;2,13
AllMusic - Song - 2011;SONG;YEAR;2,17
Fluxblog - 2004;SONG;YEAR;2,18
SaidTheGramaphone - Song - 2011;SONG;YEAR;2,18
Fluxblog - 1991 Songs - 2017;SONG;YEAR;2,19
SaidTheGramaphone - Song - 2009;SONG;YEAR;2,19
SaidTheGramaphone - Song - 2017;SONG;YEAR;2,19
Le Choix - Songs - 2012;SONG;YEAR;2,2
Paste - Song - 2017;SONG;YEAR;2,2
Spin - Song - 2015;SONG;YEAR;2,2
Fluxblog - 1987 Songs - 2015;SONG;YEAR;2,21
Fluxblog - 1992 Songs - 2017;SONG;YEAR;2,22
NME - Tracks Of The Week - 2010;SONG;YEAR;2,22
Fluxblog - 1990 Songs - 2017;SONG;YEAR;2,23
GorillaVsBear - Song - 2010;SONG;YEAR;2,24
PopMatters - Song - 2015;SONG;YEAR;2,24
Rolling Stone - Song - 2008;SONG;YEAR;2,25
Rolling Stone - The 40 Best Songs of Depeche Mode - 2013;SONG;THEME;2,26
Fluxblog - 1984 Songs - 2016;SONG;YEAR;2,27
Inrock - Song - 2015;SONG;YEAR;2,28
SaidTheGramaphone - Song - 2013;SONG;YEAR;2,28
AllMusic - Song - 2010;SONG;YEAR;2,29
NME - Tracks Of The Week - 1999;SONG;YEAR;2,29
Fluxblog - 1981 Songs - 2016;SONG;YEAR;2,3
Mojo - The 40 Best Blondie Tracks - 2014;SONG;THEME;2,3
NME - The Beatles 1970-1980 - The Solo Years - 1980;SONG;THEME;2,3
Rolling Stone - Top 50 Bob Marley Songs - 2014;SONG;THEME;2,3
SaidTheGramaphone - Song - 2012;SONG;YEAR;2,3
The Guardian - Song - 2015;SONG;YEAR;2,3
Uncut - 40 Best Punk Singles - 2018;SONG;GENRE;2,3
Fluxblog - 2002;SONG;YEAR;2,32
RockRS;SONG;THEME;2,33
SaidTheGramaphone - Song - 2010;SONG;YEAR;2,33
GorillaVsBear - Song - 2012;SONG;YEAR;2,34
GorillaVsBear - Album - 2013;ALBUM;YEAR;2,35
Inrock - Song - 2016;SONG;YEAR;2,36
Le Choix - Songs - 2011;SONG;YEAR;2,36
GorillaVsBear - Song - 2009;SONG;YEAR;2,38
Rolling Stone - 100 Greatest Neil Young Songs - 2014;SONG;THEME;2,39
Fluxblog - 1985 Songs - 2016;SONG;YEAR;2,4
Inrock - Song - 2017;SONG;YEAR;2,41
Q - 100 Reggae Scorchers - 2005;ALBUM;GENRE;2,41
NME - Album - 1981;ALBUM;YEAR;2,44
Pitchfork - Feminist Punk in 33 Songs - 2016;SONG;GENRE;2,45
Q - The Clash - The Inside Story - 2005;SONG;THEME;2,45
Uncut - 50 Great Modern Songs of Rage, Revolt, and Inspiration - 2017;SONG;THEME;2,47
Fluxblog - 1986 Songs - 2016;SONG;YEAR;2,5
Q - Ozzy Osbourne The Real Story - 2005;SONG;THEME;2,5
The Guardian - A HISTORY OF MODERN MUSIC WORLD & FOLK - 2011;SONG;ALL_TIME;2,5
NME - 200 Greatest Albums You've Never Heard Of - 2011;ALBUM;THEME;2,52
Fluxblog - 1982 Songs - 2016;SONG;YEAR;2,53
MusicForAnts - Song - 2011;SONG;YEAR;2,54
Nick Hornby's 31 songs;SONG;THEME;2,55
GorillaVsBear - Album - 2011;ALBUM;YEAR;2,57
NME - 30 Killer Instrumentals Songs - 2015;SONG;THEME;2,57
PopMatters - Song - 2017;SONG;YEAR;2,57
Le Choix - Album - 2014;ALBUM;YEAR;2,59
Fluxblog - 16 Years Of Unpopular Pop (2002-2018) - 2018;SONG;LONG_PERIOD;2,6
Fluxblog - 1983 Songs - 2016;SONG;YEAR;2,6
Uncut - 20 Greatest Leonard Cohen Songs - 2015;SONG;THEME;2,6
highfidelity;SONG;THEME;2,61
Mojo - 50 Greatest Reggae Albums Of All Time - 2002;ALBUM;GENRE;2,62
truc;SONG;MISCELLANEOUS;2,63
Fluxblog - 2003;SONG;YEAR;2,64
Fluxblog - 1988 Songs - 2015;SONG;YEAR;2,66
Inrock - The 100 Best French Albums - 2016;ALBUM;THEME;2,66
Rolling Stone - 100 Greatest Country Songs of All Time - 2014;SONG;GENRE;2,67
MusicForAnts - Song - 2016;SONG;YEAR;2,68
Rolling Stone - Song - 2011;SONG;YEAR;2,68
Rolling Stone - 100 Greatest Bruce Springsteen Songs - 2013;SONG;THEME;2,69
Le Choix - Album - 2011;ALBUM;YEAR;2,7
Q - Queen The Inside Story - 2005;SONG;THEME;2,7
Spin - Song - 2014;SONG;YEAR;2,7
PopMatters - Song - 2016;SONG;YEAR;2,71
NME - Songs - 2014;SONG;YEAR;2,72
MusicForAnts - Song - 2009;SONG;YEAR;2,73
Paste - Song - 2014;SONG;YEAR;2,74
Fluxblog - 1980 Songs - 2016;SONG;YEAR;2,76
MusicForAnts - Song - 2015;SONG;YEAR;2,78
Inrock - Song - 1995;SONG;YEAR;2,8
SaidTheGramaphone - Song - 2006;SONG;YEAR;2,8
Rolling Stone - Song - 2007;SONG;YEAR;2,81
GorillaVsBear - Song - 2008;SONG;YEAR;2,82
Mojo - The 50 Greatest Songs Of Pink Floyd - 2018;SONG;THEME;2,84
MusicForAnts - Song - 2010;SONG;YEAR;2,84
NME - Tracks Of The Week - 2000;SONG;YEAR;2,84
PopMatters - Song - 2012;SONG;YEAR;2,84
NME - Tracks Of The Week - 2007;SONG;YEAR;2,86
Paste - Song - 2015;SONG;YEAR;2,86
Rolling Stone - Song - 2016;SONG;YEAR;2,86
The Word - 110 Songs You Have to Hear! - 2004;SONG;ALL_TIME;2,86
Pitchfork - Song - 2015;SONG;YEAR;2,88
Q - Guilty Pleasures! - Songs - 2006;SONG;THEME;2,88
The Guardian - Song - 2017;SONG;YEAR;2,89
GorillaVsBear - Album - 2017;ALBUM;YEAR;2,9
Inrock - Song - 1998;SONG;YEAR;2,92
MusicForAnts - Song - 2007;SONG;YEAR;2,92
MusicForAnts - Song - 2014;SONG;YEAR;2,92
Inrock - Psyche - 2010;SONG;GENRE;2,93
Rolling Stone - Song - 2006;SONG;YEAR;2,93
NME - Tracks Of The Week - 2006;SONG;YEAR;2,94
PopMatters - Song - 2014;SONG;YEAR;2,95
Pitchfork - Song - 2013;SONG;YEAR;2,96
GorillaVsBear - Song - 2007;SONG;YEAR;2,98
Spin - Song - 2017;SONG;YEAR;2,99
The Guardian - The 50 Best Albums of the 2000s  - 2010;ALBUM;DECADE;20,34
Spin - 15 Most Influential Albums Not By Beatles, Stones, Dylan or Elvis - 2003;ALBUM;THEME;20,4
NME - Greatest Albums of The 60's - 1993;ALBUM;DECADE;20,46
Paste - 70 Best Albums of the 1970s - 2012;ALBUM;DECADE;20,59
Inrock - The 100 Best British Albums - 2016;ALBUM;THEME;20,6
NME - Writers Choice For The Most Heartbreak Albums Of All Time - 2000;ALBUM;ALL_TIME;20,62
Q - Best Albums Of The 80's - 2006;ALBUM;DECADE;20,62
AllMusic - 00's Best Albums - 2009;ALBUM;DECADE;20,73
Rolling Stone - Song - 2003;SONG;YEAR;20,73
Mojo - 20 Albums That Shook The Last 20 Years - 2013;ALBUM;LONG_PERIOD;20,8
Rolling Stone - Album - 1977;ALBUM;YEAR;20,83
Inrock - The 100 Best US Albums - 2016;ALBUM;THEME;20,92
Uncut - 200 Greatest Albums Of All Time - 2016;ALBUM;ALL_TIME;21,11
Rolling Stone - Top 100 Albums Compiled - 1997;ALBUM;ALL_TIME;21,27
Mojo - 100 Records That Changed the World - Albums - 2007;ALBUM;ALL_TIME;21,46
NME - Greatest Albums of The 70's - 1993;ALBUM;DECADE;21,72
NME - 100 Greatest British Albums Ever! - 2006;ALBUM;THEME;21,75
Q - 50 Best Albums Of The 70s - 1998;ALBUM;DECADE;21,76
Le Choix - 60's Album - 2008;ALBUM;DECADE;21,88
NME - The 50 Greatest Debut Albums Ever - 2010;ALBUM;THEME;22,02
NME - The Most Influential Artist Of All Time - 2000;ALBUM;ALL_TIME;22,48
Q - The Music That Changed The World - Song (1980-2004) - 2004;SONG;LONG_PERIOD;23,15
Q - Top 20 Singles Of The Lifetime Of Q Magazine - 2006;SONG;LONG_PERIOD;23,35
Le Choix - 80's Album - 2010;ALBUM;DECADE;23,52
Rolling Stone - Readers Top 100 Albums - 2002;ALBUM;ALL_TIME;23,52
Spin - 125 Best Albums of the Past 25 Years - 2010;ALBUM;LONG_PERIOD;23,65
Q - The Music That Changed The World - Album (1954-1969) - 2004;ALBUM;LONG_PERIOD;23,75
Mojo - THE 100 GREATEST ALBUMS EVER MADE - 1995;ALBUM;ALL_TIME;24,18
Rolling Stone - Album - 1991;ALBUM;YEAR;24,2
NME - Writers Top 100 Albums - 1993;ALBUM;ALL_TIME;24,52
Q - 50 Best British Albums Ever - 2004;ALBUM;THEME;24,58
Spin - 50 Greatest Bands Of All Time - 2002;ALBUM;ALL_TIME;25,06
NME - 20 Best Debut Albums - 1992;ALBUM;THEME;25,45
Q - Readers All Time Top 100 Albums - 1998;ALBUM;ALL_TIME;25,62
Uncut - 100 Rock & Movie Icons - Albums - 2005;ALBUM;THEME;25,63
The Guardian - 100 Best Albums Ever - 1997;ALBUM;ALL_TIME;25,66
Rolling Stone - 100 Must Have CDs - 2007;ALBUM;ALL_TIME;25,72
Q - 50 Years of Great British Music - Album - 2008;ALBUM;THEME;25,78
Mojo - READERS THE 100 GREATEST ALBUMS EVER MADE - 1996;ALBUM;ALL_TIME;25,86
NME - 100 Greatest Albums Of All Time - 2006;ALBUM;ALL_TIME;26,07
Rolling Stone - Les 20 disques qui ont compté (2000-2009) - 2009;ALBUM;DECADE;26,2
NME - Readers Best Tracks Of The Last 60 Years - 2012;SONG;ALL_TIME;26,75
Q - Readers Best British Albums - 2008;ALBUM;THEME;26,76
Q - In Our Lifetime #2 (1986-2001) - 2001;ALBUM;LONG_PERIOD;27,28
Q - Readers 100 Greatest Albums Ever - 2003;ALBUM;ALL_TIME;28,05
The Guardian - Album Of The Millennium - 1997;ALBUM;ALL_TIME;28,13
NME - 100 Best Albums - 2003;ALBUM;ALL_TIME;28,47
Q - Readers Best Albums Ever - 2006;ALBUM;ALL_TIME;29,45
Q - The Music That Changed The World - Album - 70s - 2004;ALBUM;DECADE;29,6
Le Choix - Album - 2012;ALBUM;YEAR;3
Le Choix - Reggae - 2008;SONG;GENRE;3
Rolling Stone - 50 Best Michael Jackson Songs - 2014;SONG;THEME;3
Uncut - 30 Greatest Nick Cave Songs - 2015;SONG;THEME;3
NME - Songs - 2016;SONG;YEAR;3,02
Inrock - Song - 2009;SONG;YEAR;3,04
GorillaVsBear - Album - 2016;ALBUM;YEAR;3,05
Uncut - 20 Greatest Country Rock Pioneers - 2008;ALBUM;GENRE;3,05
Inrock - Song - 2013;SONG;YEAR;3,06
MusicForAnts - Song - 2013;SONG;YEAR;3,06
NME - Songs - 2010;SONG;YEAR;3,07
PopMatters - Song - 2013;SONG;YEAR;3,07
MusicForAnts - Song - 2005;SONG;YEAR;3,08
Pitchfork - Song - 2014;SONG;YEAR;3,08
Rolling Stone - Song - 2014;SONG;YEAR;3,1
Q - Song - 2006;SONG;YEAR;3,11
Q - Guilty Pleasures! - Albums - 2006;ALBUM;THEME;3,14
Inrock - Song - 1999;SONG;YEAR;3,16
Rolling Stone - Song - 2010;SONG;YEAR;3,16
Pitchfork - Song - 2012;SONG;YEAR;3,17
Pitchfork - Song - 2016;SONG;YEAR;3,17
Rolling Stone - Album - 1981;ALBUM;YEAR;3,18
PopMatters - Song - 2011;SONG;YEAR;3,19
GorillaVsBear - Album - 2015;ALBUM;YEAR;3,2
Rolling Stone - Song - 2017;SONG;YEAR;3,2
Rolling Stone - The 101 Best David Bowie Songs - 2016;SONG;THEME;3,2
Pitchfork - Song - 2009;SONG;YEAR;3,22
NME - Songs - 1991;SONG;YEAR;3,24
Rolling Stone - Song - 2012;SONG;YEAR;3,24
GorillaVsBear - Album - 2008;ALBUM;YEAR;3,25
NME - Songs - 1986;SONG;YEAR;3,25
Paste - Song - 2011;SONG;YEAR;3,26
Pitchfork - Song - 2008;SONG;YEAR;3,26
Rolling Stone - Song - 2015;SONG;YEAR;3,26
Inrock - Album - 2016;ALBUM;YEAR;3,27
NME - The Top 40 Post-Beatles Songs - 2015;SONG;THEME;3,27
Uncut - Top 33 Jack White Songs - 2017;SONG;THEME;3,27
NME - Tracks Of The Week - 2008;SONG;YEAR;3,29
Pitchfork - Song - 2010;SONG;YEAR;3,29
Uncut - Album - 1999;ALBUM;YEAR;3,29
NME - Album - 1982;ALBUM;YEAR;3,3
Q - 25 Years Of 2 Tone - 2004;SONG;GENRE;3,3
SaidTheGramaphone - Song - 2007;SONG;YEAR;3,3
Mojo - 100 Greatest Psychedelic Classics - 1997;SONG;GENRE;3,32
NME - Songs - 1992;SONG;YEAR;3,32
Rolling Stone - Song - 2013;SONG;YEAR;3,32
Pitchfork - Song - 2006;SONG;YEAR;3,35
MusicForAnts - Song - 2012;SONG;YEAR;3,36
NME - Album - 1974;ALBUM;YEAR;3,37
Inrock - Song - 1997;SONG;YEAR;3,39
Q - Neil Young - 2005;SONG;THEME;3,39
NME - Songs - 1980;SONG;YEAR;3,41
Paste - Song - 2012;SONG;YEAR;3,42
GorillaVsBear - Song - 2006;SONG;YEAR;3,43
Inrock - Album - 2011;ALBUM;YEAR;3,43
MusicForAnts - Song - 2006;SONG;YEAR;3,43
Pitchfork - Song - 2011;SONG;YEAR;3,43
Inrock - Album - 2017;ALBUM;YEAR;3,44
Paste - Song - 2016;SONG;YEAR;3,45
NME - Album - 1976;ALBUM;YEAR;3,46
Inrock - Reggae - 2010;SONG;GENRE;3,5
SaidTheGramaphone - Song - 2005;SONG;YEAR;3,5
NME - Tracks Of The Week - 2001;SONG;YEAR;3,51
NME - Album - 1984;ALBUM;YEAR;3,52
Pitchfork - Song - 2017;SONG;YEAR;3,52
GorillaVsBear - Album - 2014;ALBUM;YEAR;3,54
Paste - Song - 2013;SONG;YEAR;3,56
NME - Songs - 2015;SONG;YEAR;3,6
Mojo - The Beach Boys 50 Greatest Tracks - 2012;SONG;THEME;3,62
Inrock - Song - 2000;SONG;YEAR;3,64
Mojo - 50 Greatest U.S. Punk Tracks Young, Loud And Snotty - 2005;SONG;GENRE;3,66
GorillaVsBear - Song - 2011;SONG;YEAR;3,68
Mojo - The 50 Greatest Neil Young Songs - 2011;SONG;THEME;3,68
NME - Album - 1983;ALBUM;YEAR;3,68
NME - Songs - 2000;SONG;YEAR;3,68
NME - Songs - 2012;SONG;YEAR;3,68
NME - Songs - 2013;SONG;YEAR;3,68
PopMatters - Song - 2008;SONG;YEAR;3,68
Rolling Stone - 50 Best Beach Boys Songs - 2015;SONG;THEME;3,68
Inrock - Album - 2014;ALBUM;YEAR;3,69
Inrock - Album - 2012;ALBUM;YEAR;3,7
Inrock - Album - 2015;ALBUM;YEAR;3,7
NME - Songs - 1984;SONG;YEAR;3,7
NME - Tracks Of The Week - 2005;SONG;YEAR;3,71
NME - Songs - 2011;SONG;YEAR;3,72
Spin - Song - 2013;SONG;YEAR;3,72
top_300_songs;SONG;ALL_TIME;3,72
Inrock - Album - 2013;ALBUM;YEAR;3,74
Paste - Song - 2010;SONG;YEAR;3,74
Rolling Stone - The 50 Greatest Madonna Songs - 2015;SONG;THEME;3,74
AllMusic - Album - 2011;ALBUM;YEAR;3,76
NME - Songs - 1987;SONG;YEAR;3,78
PopMatters - Song - 2010;SONG;YEAR;3,78
AllMusic - Album - 2017;ALBUM;YEAR;3,8
Spin - The 30 Best '90s R&B Songs - 2017;SONG;GENRE;3,8
Uncut - 20 Best Songs Byrds - 2015;SONG;THEME;3,8
Uncut - 20 Greatest R.E.M. Songs of their major-label era (1988-2003) - 2003;SONG;THEME;3,8
Rolling Stone - 50 Greatest U2 Songs - 2015;SONG;THEME;3,82
NME - Album - 1986;ALBUM;YEAR;3,83
Mojo - The 70 Best Soul Albums Of The 70's - 2010;ALBUM;GENRE;3,84
NME - Songs - 2017;SONG;YEAR;3,84
PopMatters - Song - 2009;SONG;YEAR;3,84
Q - Song - 2005;SONG;YEAR;3,85
NME - Songs - 1985;SONG;YEAR;3,86
Pitchfork - Song - 2007;SONG;YEAR;3,86
Q - Album - 1988;ALBUM;YEAR;3,86
Q - Led Zeppelin - 2003;SONG;THEME;3,86
Rolling Stone - 50 Greatest Who Songs - 2015;SONG;THEME;3,86
Inrock - Electro - 2010;SONG;GENRE;3,87
Le Choix - Songs - 2008;SONG;YEAR;3,87
The Guardian - Song - 2011;SONG;YEAR;3,88
GorillaVsBear - Album - 2012;ALBUM;YEAR;3,9
Le Choix - Disco - 2008;SONG;GENRE;3,9
Mojo - The 50 Greatest Songs Of The Who - 2015;SONG;THEME;3,9
NME - Songs - 1988;SONG;YEAR;3,9
NME - Songs - 1998;SONG;YEAR;3,9
Paste - The 50 Best Grunge Songs - 2014;SONG;GENRE;3,9
Spin - Song - 2012;SONG;YEAR;3,9
NME - Songs - 1983;SONG;YEAR;3,91
Rolling Stone - 100 Best Live Albums - 2012;ALBUM;THEME;3,92
Uncut - 50 Essential Songs From The Summer Of Love! - 2017;SONG;THEME;3,92
Spin - Song - 2016;SONG;YEAR;3,93
NME - Songs - 1989;SONG;YEAR;3,94
Spin - Top Ten College Cult Classic Albums - 1990;ALBUM;THEME;30
NME - 60 Most Important Albums Of NME's Lifetime (60 Years) - 2012;ALBUM;ALL_TIME;30,35
NME - Hall Of Fame - The Greatest Albums Ever! - 2007;ALBUM;ALL_TIME;31,46
Spin - Readers 25th Anniversary Albums - 2010;ALBUM;LONG_PERIOD;31,68
Inrock - 1975-2000 25 albums pour 25 ans - 2000;ALBUM;LONG_PERIOD;33,24
Q - Top 20 Albums Of The Lifetime Of Q Magazine - 2006;ALBUM;LONG_PERIOD;37,15
Q - 21 Albums That Changed Music - 2007;ALBUM;ALL_TIME;37,67
Q - The Music That Changed The World - Album (1980-2004) - 2004;ALBUM;LONG_PERIOD;39,65
Inrock - Album - 1996;ALBUM;YEAR;4
Rolling Stone - Album - 1985;ALBUM;YEAR;4
NME - Tracks Of The Week - 2002;SONG;YEAR;4,02
NME - Tracks Of The Week - 2004;SONG;YEAR;4,02
Q - Album - 1989;ALBUM;YEAR;4,04
NME - Songs - 1981;SONG;YEAR;4,06
Le Choix - Album - 2013;ALBUM;YEAR;4,07
Uncut - 30 Best Songs Pink Floyd - 2015;SONG;THEME;4,07
Q - Album - 1990;ALBUM;YEAR;4,08
Spin - Song - 1999;SONG;YEAR;4,09
Inrock - Album - 1999;ALBUM;YEAR;4,1
NME - Songs - 2007;SONG;YEAR;4,1
Q - Pink Floyd The Whole Crazy Trip - 2004;SONG;THEME;4,12
Q - Album - 2006;ALBUM;YEAR;4,13
NME - Songs - 1978;SONG;YEAR;4,18
Uncut - Album - 2012;ALBUM;YEAR;4,19
Mojo - The Smiths' 50 Greatest Songs - 2016;SONG;THEME;4,2
Rolling Stone - Song - 1992;SONG;YEAR;4,2
NME - Songs - 1999;SONG;YEAR;4,24
NME - Songs - 2009;SONG;YEAR;4,24
AllMusic - Album - 2015;ALBUM;YEAR;4,25
Spin - Song - 2010;SONG;YEAR;4,25
Rolling Stone - Greatest Bob Dylan Songs - 2011;SONG;THEME;4,26
Mojo - The 100 Greatest Bob Dylan Songs - 2005;SONG;THEME;4,27
Rolling Stone - Album - 2017;ALBUM;YEAR;4,27
NME - Songs - 2008;SONG;YEAR;4,3
Le Choix - Grunge - 2008;SONG;GENRE;4,32
Mojo - The 50 Greatest Led Zeppelin Songs - 2014;SONG;THEME;4,32
Uncut - Album - 2017;ALBUM;YEAR;4,32
Q - Song - 2004;SONG;YEAR;4,34
Q - Song - 2011;SONG;YEAR;4,35
Inrock - Song - 2005;SONG;YEAR;4,36
Mojo - The Indie Top 50 - 2008;ALBUM;GENRE;4,36
Spin - Song - 1995;SONG;YEAR;4,36
Spin - Song - 2011;SONG;YEAR;4,38
Pitchfork - 200 Best Tracks of the Decade So Far (2010-2014) - 2014;SONG;DECADE;4,39
The Guardian - Song - 2016;SONG;YEAR;4,4
Inrock - Song - 2001;SONG;YEAR;4,42
Inrock - Britpop - 2010;SONG;GENRE;4,43
Le Choix - Album - 2010;ALBUM;YEAR;4,43
Uncut - Album - 2016;ALBUM;YEAR;4,44
NME - Tracks Of The Week - 2003;SONG;YEAR;4,48
AllMusic - Album - 2009;ALBUM;YEAR;4,49
Rolling Stone - Song - 1985;SONG;YEAR;4,5
Uncut - Bruce Springsteen - His 40 Greatest Songs - 2003;SONG;THEME;4,5
Mojo - 100 Greatest Motown Tracks - 2009;SONG;GENRE;4,51
Spin - The 100 Most Representative Funk Songs - 1989;SONG;GENRE;4,51
Inrock - 1000 morceaux indispensables - 2015;SONG;ALL_TIME;4,52
Q - The 20 Greatest Guitar Tracks - 2007;SONG;THEME;4,55
Mojo - Album - 2017;ALBUM;YEAR;4,56
Inrock - Hip Hop - 2010;SONG;GENRE;4,57
Mojo - 100 Punk Scorchers - 2001;SONG;GENRE;4,57
NME - Album - 1999;ALBUM;YEAR;4,58
Q - Album - 1986;ALBUM;YEAR;4,58
PopMatters - Album - 2015;ALBUM;YEAR;4,59
NME - 50 Top Cover - 2005;SONG;THEME;4,6
NME - Songs - 1990;SONG;YEAR;4,6
Rolling Stone - The Rolling Stones' Greatest Songs - 2013;SONG;THEME;4,61
Inrock - Album - 1993;ALBUM;YEAR;4,62
Uncut - 30 Best Songs The Clash - 2015;SONG;THEME;4,63
NME - Songs - 1982;SONG;YEAR;4,66
Uncut - Album - 2013;ALBUM;YEAR;4,66
Paste - Album - 2017;ALBUM;YEAR;4,7
Spin - Song - 1996;SONG;YEAR;4,7
1001 Greatest Songs by Toby Creswell;SONG;ALL_TIME;4,71
Paste - Album - 2006;ALBUM;YEAR;4,74
PopMatters - Album - 2014;ALBUM;YEAR;4,74
Mojo - The Ultimate CD Buyers Guide - 2001;ALBUM;ALL_TIME;4,75
Spin - Song - 1998;SONG;YEAR;4,75
The Guardian - Song - 2014;SONG;YEAR;4,75
NME - Songs - 1993;SONG;YEAR;4,76
Rolling Stone - Song - 2009;SONG;YEAR;4,76
Uncut - Album - 2015;ALBUM;YEAR;4,81
Inrock - Song - 2004;SONG;YEAR;4,82
The Guardian - Album - 2009;ALBUM;YEAR;4,86
NME - Songs - 1979;SONG;YEAR;4,88
GorillaVsBear - Album - 2010;ALBUM;YEAR;4,9
Spin - Song - 2007;SONG;YEAR;4,9
PopMatters - Album - 2012;ALBUM;YEAR;4,91
MusicForAnts - Album - 2005;ALBUM;YEAR;4,92
MusicForAnts - Album - 2008;ALBUM;YEAR;4,92
Rolling Stone - Top 40 Led Zeppelin Songs - 2012;SONG;THEME;4,92
AllMusic - Album - 2014;ALBUM;YEAR;4,94
Inrock - Song - 2002;SONG;YEAR;4,95
MusicForAnts - Album - 2006;ALBUM;YEAR;4,96
NME - Album - 1985;ALBUM;YEAR;4,96
NME - Beatles 100 Greatest Songs - 2015;SONG;THEME;4,96
Paste - The 50 Best Southern Rock Albums of All Time - 2018;ALBUM;GENRE;4,96
Q - 100 Women Who Rock The World - 2002;ALBUM;ALL_TIME;4,96
Q - Album - 1996;ALBUM;YEAR;4,96
Inrock - Album - 1998;ALBUM;YEAR;5
NME - Album - 1990;ALBUM;YEAR;5
Rolling Stone - 30 Greatest Songs of Bruce Springsteen - 2014;SONG;THEME;5
Rolling Stone - Song - 1979;SONG;YEAR;5
Uncut - Album - 2014;ALBUM;YEAR;5,01
Inrock - Song - 1996;SONG;YEAR;5,02
NME - Songs - 1997;SONG;YEAR;5,04
Spin - Album - 2012;ALBUM;YEAR;5,04
Spin - Song - 2000;SONG;YEAR;5,04
Spin - Song - 2009;SONG;YEAR;5,05
Q - Album - 1999;ALBUM;YEAR;5,07
Inrock - Song - 2008;SONG;YEAR;5,08
Mojo - 100 Greatest Protest Songs - 2004;SONG;THEME;5,08
Rolling Stone - The 100 Greatest Beatles Songs - 2009;SONG;THEME;5,1
The Guardian - Song - 2013;SONG;YEAR;5,1
Uncut - Radiohead's top 30 songs - 2017;SONG;THEME;5,1
NME - Album - 1980;ALBUM;YEAR;5,12
NME - Songs - 2006;SONG;YEAR;5,14
Q - Album - 2017;ALBUM;YEAR;5,14
Rolling Stone - Album - 2015;ALBUM;YEAR;5,14
Inrock - Album - 2003;ALBUM;YEAR;5,16
Rolling Stone - Album - 2012;ALBUM;YEAR;5,16
Uncut - Album - 2000;ALBUM;YEAR;5,16
Uncut - Album - 2003;ALBUM;YEAR;5,16
Uncut - Album - 2002;ALBUM;YEAR;5,17
NME - Album - 1987;ALBUM;YEAR;5,18
The Guardian - A HISTORY OF MODERN MUSIC DANCE - 2011;SONG;ALL_TIME;5,18
Mojo - Album - 1999;ALBUM;YEAR;5,2
Q - 1010 Songs You Must Own - 2004;SONG;ALL_TIME;5,21
Spin - The 50 Best Songs by Musicians Who Went Solo - 2017;SONG;THEME;5,22
AllMusic - Album - 2008;ALBUM;YEAR;5,25
Pitchfork - Top 500 Tracks of the 2000s - 2009;SONG;DECADE;5,25
PopMatters - Album - 2004;ALBUM;YEAR;5,25
Rolling Stone - Song - 1977;SONG;YEAR;5,25
PopMatters - Album - 2011;ALBUM;YEAR;5,29
Spin - Song - 1994;SONG;YEAR;5,29
NME - The 100 Greatest Britpop Songs - 2013;SONG;GENRE;5,3
Paste - Album - 2011;ALBUM;YEAR;5,3
The Guardian - Song - 2005;SONG;YEAR;5,3
Paste - Album - 2007;ALBUM;YEAR;5,32
Q - Album - 1991;ALBUM;YEAR;5,32
Mojo - The Ultimate Out There Albums - 2005;ALBUM;GENRE;5,34
Mojo - Ultimate Jukebox The 100 Singles You Must Own - 2003;SONG;ALL_TIME;5,34
Inrock - Album - 2009;ALBUM;YEAR;5,36
Mojo - Song - 2002;SONG;YEAR;5,36
Spin - Song - 2001;SONG;YEAR;5,36
Paste - The 50 Best Alt-Country Albums of All Time - 2016;ALBUM;GENRE;5,38
Rolling Stone - Album - 2014;ALBUM;YEAR;5,38
PopMatters - Album - 2016;ALBUM;YEAR;5,39
AllMusic - Album - 2016;ALBUM;YEAR;5,4
Inrock - Album - 2006;ALBUM;YEAR;5,42
Mojo - Album - 2016;ALBUM;YEAR;5,42
Rolling Stone - The Best Songs of the Decade - 50's - 2010;SONG;DECADE;5,42
NME - Album - 2014;ALBUM;YEAR;5,44
Paste - Album - 2015;ALBUM;YEAR;5,44
NME - Songs - 1996;SONG;YEAR;5,46
Pitchfork - Album - 2003;ALBUM;YEAR;5,46
Inrock - Soul - 2010;SONG;GENRE;5,47
PopMatters - Album - 2017;ALBUM;YEAR;5,47
Q - Album - 2016;ALBUM;YEAR;5,48
AllMusic - Album - 2012;ALBUM;YEAR;5,5
NME - Songs - 1977;SONG;YEAR;5,52
NME - Songs - 1994;SONG;YEAR;5,52
Pitchfork - Song - 2005;SONG;YEAR;5,52
Spin - Album - 2017;ALBUM;YEAR;5,52
Spin - One-Hit Wonderland - Alt-Rock 42 Greatest Novelty Hits - 1998;SONG;THEME;5,52
MusicForAnts - Album - 2017;ALBUM;YEAR;5,53
NME - Album - 1996;ALBUM;YEAR;5,53
Spin - Album - 2015;ALBUM;YEAR;5,54
Le Choix - Funk - 2008;SONG;GENRE;5,55
Le Choix - Rockabilly - 2009;SONG;GENRE;5,57
Mojo - Album - 2015;ALBUM;YEAR;5,58
Pitchfork - The 200 Best Songs of the 1960s - 2006;SONG;DECADE;5,58
Q - Album - 1987;ALBUM;YEAR;5,58
Spin - Alternative Albums Of The 1960's - 2013;ALBUM;THEME;5,58
Inrock - Punk - 2010;SONG;GENRE;5,6
NME - Songs - 2001;SONG;YEAR;5,6
Q - Album - 2012;ALBUM;YEAR;5,6
Rolling Stone - Song - 1998;SONG;YEAR;5,6
AllMusic - Album - 2013;ALBUM;YEAR;5,62
Pitchfork - Album - 2002;ALBUM;YEAR;5,63
Uncut - Album - 2004;ALBUM;YEAR;5,63
Mojo - Album - 2009;ALBUM;YEAR;5,64
NME - Album - 1988;ALBUM;YEAR;5,64
PopMatters - Album - 2009;ALBUM;YEAR;5,65
NME - The 50 Greatest Live Albums Ever - 2011;ALBUM;THEME;5,66
Q - Album - 2015;ALBUM;YEAR;5,66
Rolling Stone - Song - 1981;SONG;YEAR;5,67
Mojo - Album - 2010;ALBUM;YEAR;5,68
Mojo - Top 50 UK Eccentric Albums - 2003;ALBUM;THEME;5,68
NME - Album - 2017;ALBUM;YEAR;5,68
Paste - Album - 2012;ALBUM;YEAR;5,68
Rolling Stone - Album - 2006;ALBUM;YEAR;5,68
The Guardian - 1000 Songs Everyone Must Hear - 2009;SONG;ALL_TIME;5,69
Inrock - Album - 2005;ALBUM;YEAR;5,7
Inrock - New Wave - 2010;SONG;GENRE;5,7
Spin - Album - 1990;ALBUM;YEAR;5,7
Inrock - The Juke Box! Singles selection from 1950 to 2009 - 2009;SONG;ALL_TIME;5,75
NME - Album - 1992;ALBUM;YEAR;5,76
NME - Writers 100 Best Indie Singles Ever - 1992;SONG;ALL_TIME;5,76
Le Choix - Punk - 2008;SONG;GENRE;5,78
NME - Album - 2012;ALBUM;YEAR;5,78
NME - Album - 2016;ALBUM;YEAR;5,78
Inrock - Song - 1994;SONG;YEAR;5,79
Mojo - 100 Epic Rock Tracks - 2004;SONG;GENRE;5,8
MusicForAnts - Album - 2014;ALBUM;YEAR;5,8
NME - Album - 2010;ALBUM;YEAR;5,8
NME - Songs - 1995;SONG;YEAR;5,8
Q - Album - 1993;ALBUM;YEAR;5,8
The Guardian - Song - 2012;SONG;YEAR;5,8
NME - Album - 2011;ALBUM;YEAR;5,82
Pitchfork - Album - 2005;ALBUM;YEAR;5,82
Rolling Stone - Album - 2011;ALBUM;YEAR;5,82
Spin - Album - 2011;ALBUM;YEAR;5,84
Le Choix - Album - 2008;ALBUM;YEAR;5,85
NME - Bowie - 2014;SONG;THEME;5,85
Spin - Album - 1992;ALBUM;YEAR;5,85
Spin - Album - 2014;ALBUM;YEAR;5,86
The Guardian - 1000 Albums to Hear Before You Die - 2007;ALBUM;ALL_TIME;5,86
AllMusic - Album - 2010;ALBUM;YEAR;5,87
Mojo Special Edition - The UK Indie Top 100 Records - Single;SONG;ALL_TIME;5,87
NME - The 50's - 2012;SONG;DECADE;5,87
Mojo - Album - 1996;ALBUM;YEAR;5,88
NME - Album - 2015;ALBUM;YEAR;5,88
NME - Tracks Of The Decade (2010's)...So Far - 2015;SONG;DECADE;5,88
The Guardian - Album - 2017;ALBUM;YEAR;5,88
Le Choix - Indispensables 60s - 2010;SONG;DECADE;5,9
Mojo - Album - 2013;ALBUM;YEAR;5,9
Q - Album - 1998;ALBUM;YEAR;5,91
Le Choix - Songs - 2001;SONG;YEAR;5,92
NME - Songs - 2005;SONG;YEAR;5,92
NME - The 25 Greatest Alternative Love Songs - 2009;SONG;THEME;5,92
Mojo - 100 Greatest Songs Of All The Time - 2000;SONG;ALL_TIME;5,93
Uncut - Album - 2010;ALBUM;YEAR;5,94
Paste - Album - 2014;ALBUM;YEAR;5,96
Spin - Song - 1997;SONG;YEAR;5,96
Q - The Story Of Grunge - Songs - 2005;SONG;GENRE;5,97
Q - The Who - 20 Greatest Songs - 2004;SONG;THEME;6
PopMatters - Album - 2013;ALBUM;YEAR;6,01
Mojo - Album - 2014;ALBUM;YEAR;6,02
Q - Album - 2011;ALBUM;YEAR;6,02
Rolling Stone - Album - 2016;ALBUM;YEAR;6,02
Mojo - Album - 2006;ALBUM;YEAR;6,04
Mojo - Album - 2008;ALBUM;YEAR;6,04
NME - Radiohead Top 25 - 2006;SONG;THEME;6,04
Q - Album - 1992;ALBUM;YEAR;6,04
Mojo - Album - 2011;ALBUM;YEAR;6,06
NME - Album - 1993;ALBUM;YEAR;6,06
Pitchfork - Album - 2017;ALBUM;YEAR;6,06
Q - Album - 2014;ALBUM;YEAR;6,08
Pitchfork - Album - 2014;ALBUM;YEAR;6,1
Inrock - Album - 2004;ALBUM;YEAR;6,12
NME - Album - 1991;ALBUM;YEAR;6,12
Q - Album - 2009;ALBUM;YEAR;6,12
Q - Album - 2010;ALBUM;YEAR;6,12
NME - Songs - 1976;SONG;YEAR;6,2
Uncut - 30 Best Songs Smiths - 2015;SONG;THEME;6,2
Uncut - Album - 2011;ALBUM;YEAR;6,2
AllMusic - Album - 2007;ALBUM;YEAR;6,22
NME - Album - 1989;ALBUM;YEAR;6,22
Paste - Album - 2010;ALBUM;YEAR;6,22
Pitchfork - Album - 2012;ALBUM;YEAR;6,22
PopMatters - Album - 2006;ALBUM;YEAR;6,22
Spin - Album - 2009;ALBUM;YEAR;6,22
Uncut - Album - 2001;ALBUM;YEAR;6,23
Inrock - Album - 2010;ALBUM;YEAR;6,24
Pitchfork - Album - 2009;ALBUM;YEAR;6,26
Pitchfork - Album - 2015;ALBUM;YEAR;6,26
'90;SONG;DECADE;6,27
Inrock - Album - 2008;ALBUM;YEAR;6,28
MusicForAnts - Album - 2011;ALBUM;YEAR;6,28
Q - Album - 2000;ALBUM;YEAR;6,28
PopMatters - Album - 2010;ALBUM;YEAR;6,29
Inrock - Song - 2007;SONG;YEAR;6,3
Pitchfork - Song - 2004;SONG;YEAR;6,32
Uncut - 30 Best Songs John Lennon - 2015;SONG;THEME;6,33
Paste - Album - 2013;ALBUM;YEAR;6,34
Uncut - 20 Greatest U2 Songs - 2004;SONG;THEME;6,35
MusicForAnts - 10's Decade Song So Far - 2014;SONG;DECADE;6,38
Paste - The 50 Sexiest Songs of All Time - 2013;SONG;THEME;6,38
Le Choix - Songs - 2005;SONG;YEAR;6,4
Mojo - Song - 2014;SONG;YEAR;6,4
Uncut - Album - 2005;ALBUM;YEAR;6,4
Inrock - Album - 1997;ALBUM;YEAR;6,41
NME - Album - 2006;ALBUM;YEAR;6,42
Paste - Album - 2016;ALBUM;YEAR;6,42
Pitchfork - The Top 200 Tracks of the 1990s - 2010;SONG;DECADE;6,42
NME - Songs - 1975;SONG;YEAR;6,45
Q - 40 Cosmic Rock Albums (Prog Rock) - 2005;ALBUM;GENRE;6,45
Spin - Album - 2006;ALBUM;YEAR;6,45
Pitchfork - Album - 2006;ALBUM;YEAR;6,46
MusicForAnts - Album - 2016;ALBUM;YEAR;6,48
Paste - The 42 Best Bob Dylan Songs - 2017;SONG;THEME;6,48
Pitchfork - Album - 2008;ALBUM;YEAR;6,48
Pitchfork - Album - 2016;ALBUM;YEAR;6,48
Rolling Stone - 50 Greatest Live Albums of All Time - 2015;ALBUM;THEME;6,48
Inrock - 60 Ans (1954 - 2014) - 2014;SONG;ALL_TIME;6,5
Q - The Smiths & Morrissey - 2004;SONG;THEME;6,5
Rolling Stone - Song - 1978;SONG;YEAR;6,5
Uncut - David Bowie's 30 Best Songs - 2015;SONG;THEME;6,5
GorillaVsBear - Album - 2009;ALBUM;YEAR;6,52
Q - Album - 2005;ALBUM;YEAR;6,54
Rolling Stone - Album - 2013;ALBUM;YEAR;6,54
Uncut - Album - 2009;ALBUM;YEAR;6,54
Inrock - Album - 2001;ALBUM;YEAR;6,56
MusicForAnts - Album - 2012;ALBUM;YEAR;6,56
Pitchfork - Album - 2011;ALBUM;YEAR;6,56
NME - Album - 1978;ALBUM;YEAR;6,57
The Guardian - Album - 2008;ALBUM;YEAR;6,57
Paste - Album - 2008;ALBUM;YEAR;6,58
Uncut - The 50 Greatest American Punk LPs - 2014;ALBUM;ALL_TIME;6,58
NME - Songs - 2002;SONG;YEAR;6,6
Pitchfork - The 200 Best Songs of the 1970s - 2016;SONG;DECADE;6,6
Rolling Stone - Album - 1990;ALBUM;YEAR;6,6
Rolling Stone - Song - 1999;SONG;YEAR;6,6
Spin - Album - 2016;ALBUM;YEAR;6,62
The Guardian - A HISTORY OF MODERN MUSIC HIP HOP & R'N'B - 2011;SONG;ALL_TIME;6,62
Rolling Stone - Album - 2005;ALBUM;YEAR;6,64
Uncut - Rock's 50 Most Extreme Albums - 2018;ALBUM;GENRE;6,66
Q - Album - 2003;ALBUM;YEAR;6,7
The Guardian - Album - 2012;ALBUM;YEAR;6,7
Rolling Stone - Album - 2008;ALBUM;YEAR;6,72
MOJO - 100 Soul Albums Everyone Should Own - 2000;ALBUM;GENRE;6,73
The Guardian - Album - 2011;ALBUM;YEAR;6,74
Spin - Song - 2008;SONG;YEAR;6,75
The Guardian - Album - 2014;ALBUM;YEAR;6,75
NME - Album - 2003;ALBUM;YEAR;6,76
Mojo - Special Edition - Bowie - 2003;SONG;THEME;6,77
NME - Album - 2009;ALBUM;YEAR;6,77
Paste - The 100 Best Indie Folk Albums - 2017;ALBUM;GENRE;6,77
Rolling Stone - Song - 1988;SONG;YEAR;6,77
Spin - Album - 2013;ALBUM;YEAR;6,78
Rolling Stone - Song - 1987;SONG;YEAR;6,8
Rolling Stone - Top 30 Live Albums - 2013;ALBUM;THEME;6,8
Inrock - Album - 2002;ALBUM;YEAR;6,82
Mojo - Album - 2005;ALBUM;YEAR;6,82
PopMatters - Album - 2005;ALBUM;YEAR;6,82
Mojo - Album - 1998;ALBUM;YEAR;6,83
Paste - The 25 Best Live Albums of All Time - 2014;ALBUM;THEME;6,84
Rock and Roll Hall of Fame - 160 Additional Songs - 2018;SONG;ALL_TIME;6,84
Uncut - Album - 2008;ALBUM;YEAR;6,84
Pitchfork - Album - 1998;ALBUM;YEAR;6,86
The Guardian - Album - 2013;ALBUM;YEAR;6,87
Q - 1001 Best Songs Ever - 2003;SONG;ALL_TIME;6,88
Pitchfork - Album - 2000;ALBUM;YEAR;6,9
Pitchfork - Album - 2010;ALBUM;YEAR;6,9
Inrock - Album - 2000;ALBUM;YEAR;6,92
PopMatters - Album - 2003;ALBUM;YEAR;6,92
Mojo - The 50 Greatest Rolling Stones Tracks - 2007;SONG;THEME;6,94
NME - Album - 2013;ALBUM;YEAR;6,94
NME - The Top 20 Michael Jackson Songs - 2017;SONG;THEME;6,95
Paste - Album - 2009;ALBUM;YEAR;6,96
Pitchfork - Album - 2013;ALBUM;YEAR;6,96
Q - Album - 2013;ALBUM;YEAR;6,96
NME - 30 Of The Best Ever Piano Songs - 2018;SONG;THEME;6,97
Mojo - Album - 2012;ALBUM;YEAR;7
Mojo - The 50 Greatest British Tracks Ever - 2006;SONG;THEME;7
NME - Album - 1998;ALBUM;YEAR;7
Q - Album - 2002;ALBUM;YEAR;7
Q - The Story Of Country Rock - 2006;ALBUM;GENRE;7
PopMatters - Album - 2007;ALBUM;YEAR;7,02
Rolling Stone - Album - 2010;ALBUM;YEAR;7,03
NME - Album - 2005;ALBUM;YEAR;7,04
Q - Ultimate Music Collection - Song - 2016;SONG;ALL_TIME;7,04
Mojo - Album - 2007;ALBUM;YEAR;7,08
Uncut - Top 40 Dylan Tracks - 2002;SONG;THEME;7,08
Mojo Special Edition - The UK Indie Top 100 Records - Album;ALBUM;ALL_TIME;7,11
MusicForAnts - Album - 2013;ALBUM;YEAR;7,12
Paste - 50 Best Rolling Stones Songs - 2012;SONG;THEME;7,12
Pitchfork - The Pitchfork 500 - (1977-2006) - 2006;SONG;LONG_PERIOD;7,15
Spin - 100 Greatest Singles Of All Time - 1989;SONG;ALL_TIME;7,17
Rolling Stone - Album - 2007;ALBUM;YEAR;7,18
The Guardian - Album - 2015;ALBUM;YEAR;7,2
NME - 117 Songs To Soundtrack Your Summer - 2003;SONG;THEME;7,21
MusicForAnts - Album - 2015;ALBUM;YEAR;7,24
PopMatters - Album - 2008;ALBUM;YEAR;7,25
Spin - Twenty Greatest Punk Songs Ever - 2009;SONG;GENRE;7,25
MusicForAnts - Song 2000s - 2009;SONG;DECADE;7,26
Pitchfork - The 200 Best Songs of the 1980s - 2005;SONG;DECADE;7,29
NME - Album - 2008;ALBUM;YEAR;7,3
Rolling Stone - The 30 Best Songs of The Rolling Stones - 2010;SONG;THEME;7,3
Spin - Song - 2006;SONG;YEAR;7,35
NME - Album - 2007;ALBUM;YEAR;7,36
Paste - The 50 Best Beatles Songs - 2015;SONG;THEME;7,36
Rolling Stone - 100 Best Songs of 21st Century - 2006;SONG;MISCELLANEOUS;7,37
Mojo - Album - 2003;ALBUM;YEAR;7,38
Uncut - Album - 1998;ALBUM;YEAR;7,38
The Guardian - A HISTORY OF MODERN MUSIC POP - 2011;SONG;ALL_TIME;7,39
Q - Album - 1995;ALBUM;YEAR;7,46
Q - Album - 1997;ALBUM;YEAR;7,48
Classic Rock Magazine - Best Songs Ever - 1999;SONG;ALL_TIME;7,5
Le Choix - Songs - 2007;SONG;YEAR;7,5
Spin - Song - 2005;SONG;YEAR;7,5
NME - Album - 2001;ALBUM;YEAR;7,52
Uncut - Album - 2006;ALBUM;YEAR;7,52
Rolling Stone - 100 Greatest Hip-Hop Songs of All Time - 2016;SONG;GENRE;7,55
The Guardian - A HISTORY OF MODERN MUSIC INDIE - 2011;SONG;ALL_TIME;7,56
Le Choix - Indispensables 00s - 2010;SONG;DECADE;7,6
NME - Songs - 2004;SONG;YEAR;7,6
Inrock - Album - 1992;ALBUM;YEAR;7,62
Le Choix - Album - 2009;ALBUM;YEAR;7,62
NME - Songs - 2003;SONG;YEAR;7,62
Rock and Roll Hall of Fame - 500 Songs That Shaped Rock - 2004;SONG;ALL_TIME;7,63
Inrock - Album - 2007;ALBUM;YEAR;7,64
Uncut - Ultimate Record Guide - 2017;ALBUM;ALL_TIME;7,64
Spin - Best Albums That You've Never Heard Of - 2000;ALBUM;ALL_TIME;7,65
Uncut - 50 Greatest Beatles Tracks - 2001;SONG;THEME;7,65
Pitchfork - Album - 2004;ALBUM;YEAR;7,66
Spin - Album - 1999;ALBUM;YEAR;7,68
NME - Album - 1997;ALBUM;YEAR;7,7
Q - Album - 2004;ALBUM;YEAR;7,7
Rolling Stone - Song - 1989;SONG;YEAR;7,7
NME - Album - 1979;ALBUM;YEAR;7,75
Uncut - The Rolling Stones' 40 Best Songs - 2016;SONG;THEME;7,75
Mojo - Album - 2001;ALBUM;YEAR;7,78
Q - Album - 2007;ALBUM;YEAR;7,78
Q - Album - 2008;ALBUM;YEAR;7,78
The Guardian - Album - 2006;ALBUM;YEAR;7,78
MusicForAnts - Album - 2009;ALBUM;YEAR;7,8
Paste - The 10 Best New Order Songs - 2017;SONG;THEME;7,8
The Guardian - Album - 2016;ALBUM;YEAR;7,85
NME - Album - 2004;ALBUM;YEAR;7,9
Mojo - Album - 2000;ALBUM;YEAR;7,95
Uncut - 50 Greatest Singer, Songwriter Albums - 2013;ALBUM;THEME;7,96
NME - Album - 1995;ALBUM;YEAR;7,98
NME - Album - 2002;ALBUM;YEAR;8,02
Pitchfork - Album - 2007;ALBUM;YEAR;8,02
Pitchfork - Albums 60's - 2017;ALBUM;DECADE;8,05
Mojo - Album - 2004;ALBUM;YEAR;8,07
Le Choix - Songs - 2004;SONG;YEAR;8,1
Classic Rock Magazine - Rock's 30 Greatest Concept Albums - 2003;ALBUM;GENRE;8,13
Q - Album - 2001;ALBUM;YEAR;8,13
Rolling Stone - Album - 1982;ALBUM;YEAR;8,17
NME - Classic Singles - 2007;SONG;ALL_TIME;8,19
Inrock - Song - 2006;SONG;YEAR;8,2
Spin - Album - 1994;ALBUM;YEAR;8,2
Uncut - 50 Greatest American Cosmic Rock Albums - 2006;ALBUM;THEME;8,24
Q - Psychedelic - 2005;ALBUM;GENRE;8,28
Rolling Stone - The 100 Greatest Albums Of The 80s - 1990;ALBUM;DECADE;8,35
Spin - Album - 2005;ALBUM;YEAR;8,35
Spin - Album - 2010;ALBUM;YEAR;8,35
Q - Album - 1994;ALBUM;YEAR;8,46
GorillaVsBear - Album - 2007;ALBUM;YEAR;8,47
The Guardian - Album - 2010;ALBUM;YEAR;8,47
Inrock - 50 Ans De Rock - 2004;ALBUM;ALL_TIME;8,48
The Guardian - A HISTORY OF MODERN MUSIC ROCK - 2011;SONG;ALL_TIME;8,48
Mojo - The 50 Greatest Island Records - 2009;ALBUM;THEME;8,49
Spin - Ten Most Underrated Albums Of All Time - 1991;ALBUM;THEME;8,5
Spin - Album - 2004;ALBUM;YEAR;8,53
Uncut - Album - 2007;ALBUM;YEAR;8,54
Le Choix - Songs - 2002;SONG;YEAR;8,55
NME - Album - 2000;ALBUM;YEAR;8,55
Rolling Stone - Song - 1994;SONG;YEAR;8,6
Spin - Album - 2008;ALBUM;YEAR;8,6
Classic Rock Magazine - 100 Greatest Rock Albums Ever - 2001;ALBUM;ALL_TIME;8,65
Mojo - Album - 2002;ALBUM;YEAR;8,7
Le Choix - Songs - 2000;SONG;YEAR;8,72
Paste - The 50 Best Garage Rock Albums of All Time - 2018;ALBUM;GENRE;8,72
Spin - Album - 2003;ALBUM;YEAR;8,72
Mojo - 80 From The 80s - Songs - 2007;SONG;DECADE;8,74
Rolling Stone - 100 Greatest Guitar Songs Of All Time - 2008;SONG;ALL_TIME;8,75
GorillaVsBear - Album - 2006;ALBUM;YEAR;8,77
Pitchfork - The 100 Best Albums of the Decade So Far - 2014;ALBUM;DECADE;8,81
Inrock - Album - 1994;ALBUM;YEAR;8,88
Paste - Top 50 Britpop Songs - 2014;SONG;GENRE;8,88
Mojo - Album - 1997;ALBUM;YEAR;9
Rolling Stone - Song - 2001;SONG;YEAR;9
Spin - Song - 2004;SONG;YEAR;9
GorillaVsBear - Songs Of The Decade 00's - 2009;SONG;DECADE;9,07
Rolling Stone - The Best Songs of the Decade - 60's - 2010;SONG;DECADE;9,08
Rolling Stone - Song - 2000;SONG;YEAR;9,1
MusicForAnts - Album - 2010;ALBUM;YEAR;9,12
NME - Readers Choice For The Most Heartbreak Albums Of All Time - 2000;ALBUM;ALL_TIME;9,19
Rolling Stone - Album - 1984;ALBUM;YEAR;9,2
Spin - Song - 2002;SONG;YEAR;9,2
Paste - The 50 Best New Wave Albums - 2016;ALBUM;GENRE;9,22
Pitchfork - Album - 2001;ALBUM;YEAR;9,25
Spin - Album - 1996;ALBUM;YEAR;9,25
Rolling Stone - Album - 1989;ALBUM;YEAR;9,27
Rolling Stone - Song - 1993;SONG;YEAR;9,29
Spin - Top 20 Singles Of The 90's - 1999;SONG;DECADE;9,29
Le Choix - Songs - 2006;SONG;YEAR;9,3
Paste - Album - 1978;ALBUM;YEAR;9,34
Mojo - Album - 1995;ALBUM;YEAR;9,4
Spin - Album - 2007;ALBUM;YEAR;9,4
Pitchfork - Song - 2003;SONG;YEAR;9,42
Rolling Stone - The Best Songs of the Decade - 70's - 2010;SONG;DECADE;9,42
Mojo - Best Live albums Of All Time - 1998;ALBUM;ALL_TIME;9,43
The World Critic Lists Greatest Rock Albums - 1978;ALBUM;ALL_TIME;9,49
Rolling Stone - Album - 1978;ALBUM;YEAR;9,5
Rolling Stone - Album - 1999;ALBUM;YEAR;9,5
NME - Album - 1994;ALBUM;YEAR;9,6
Rolling Stone - The Best Songs of the Decade - 90's - 2010;SONG;DECADE;9,66
NME - 50 Greatest Guitar Solos Of All Time - 2017;SONG;THEME;9,71
Le Choix - Songs - 2003;SONG;YEAR;9,72
Inrock - Song - 2003;SONG;YEAR;9,75
Q - 20 Greatest Live Albums - 2006;ALBUM;ALL_TIME;9,75
MusicForAnts - Album - 2007;ALBUM;YEAR;9,76
Q - The Greatest Classic Rock Albums Ever - 2004;ALBUM;GENRE;9,77
Mojo - Readership Top 100 Tracks Of The '90's - 1999;SONG;DECADE;9,81
Paste - The 100 Best Songs of the 1960s - 2016;SONG;DECADE;9,87
2008 + Divers;ALBUM;MISCELLANEOUS;9,89
Rolling Stone - 500 Best Songs - 2010;SONG;ALL_TIME;9,89
Q - 10 Live Albums You Must Own;ALBUM;ALL_TIME;9,9
Spin - Album - 1995;ALBUM;YEAR;9,9
Le Choix - Rap - 2009;SONG;GENRE;9,93
Rolling Stone - The Best Songs of the Decade - 80's - 2010;SONG;DECADE;9,94
NME - Classic Albums - 2007;ALBUM;ALL_TIME;9,95
